<?xml version="1.0" encoding="utf-8" standalone="no"?>
<CProIntegrity>
	<catalog name="[DiskHash]">		<entry name="._samples.jar">
			<Algid>00008021</Algid>
			<Path>./samples.jar</Path>
			<Tag>A7AA8AD0D38324F0215160ED458506D23CFFB6403DB1F67996BCA8DC21E5B12C</Tag>
		</entry>
		<entry name="._javadoc_sspiSSL-javadoc.jar">
			<Algid>00008021</Algid>
			<Path>./javadoc/sspiSSL-javadoc.jar</Path>
			<Tag>088CDECC55CA26560F66D400C6FBDF9ACF7603DF8F1AEDF27E79CC3822100E85</Tag>
		</entry>
		<entry name="._javadoc_CAdES-javadoc.jar">
			<Algid>00008021</Algid>
			<Path>./javadoc/CAdES-javadoc.jar</Path>
			<Tag>733430AA4AE7F55B1FC113BD4DC48A36DAC15BEE1291FCCDFFA94B2442A8C1D9</Tag>
		</entry>
		<entry name="._javadoc_Rutoken-javadoc.jar">
			<Algid>00008021</Algid>
			<Path>./javadoc/Rutoken-javadoc.jar</Path>
			<Tag>36880B1128D6C9235EB659C33A56CDFD1A98F0754D8C0D3C4A42ED0BDBD3268F</Tag>
		</entry>
		<entry name="._javadoc_JCPRevCheck-javadoc.jar">
			<Algid>00008021</Algid>
			<Path>./javadoc/JCPRevCheck-javadoc.jar</Path>
			<Tag>0C03D3D55274FCC9643E3360FBD416E855C041AAE1D797DA2282FAA6E0FC727F</Tag>
		</entry>
		<entry name="._javadoc_cpSSL-javadoc.jar">
			<Algid>00008021</Algid>
			<Path>./javadoc/cpSSL-javadoc.jar</Path>
			<Tag>CA40CA0305EA65D55B8AC675E00EEA798041ADDF80B7D3D16D09659EDAFC54B7</Tag>
		</entry>
		<entry name="._javadoc_XAdES-javadoc.jar">
			<Algid>00008021</Algid>
			<Path>./javadoc/XAdES-javadoc.jar</Path>
			<Tag>53FD3E9FA254DDD343513F1E000A66CFABA4F2655EE3B6A6D3E282C0779CB399</Tag>
		</entry>
		<entry name="._javadoc_XMLDSigRI-javadoc.jar">
			<Algid>00008021</Algid>
			<Path>./javadoc/XMLDSigRI-javadoc.jar</Path>
			<Tag>4C2BB362F6BCCC43E1839437EB152477303B7468BBFCDC06860BD0F1AFAAE2CE</Tag>
		</entry>
		<entry name="._javadoc_J6Oscar-javadoc.jar">
			<Algid>00008021</Algid>
			<Path>./javadoc/J6Oscar-javadoc.jar</Path>
			<Tag>C65035C1532EADE34AF4306288D6726C24683EB31E1F0B9B22FFD74AEF40A532</Tag>
		</entry>
		<entry name="._javadoc_J6CF-javadoc.jar">
			<Algid>00008021</Algid>
			<Path>./javadoc/J6CF-javadoc.jar</Path>
			<Tag>B357B732E7271C56A62D4794620FCA93F82575E88FD3E08FA17CEF5635890588</Tag>
		</entry>
		<entry name="._javadoc_JCSP-javadoc.jar">
			<Algid>00008021</Algid>
			<Path>./javadoc/JCSP-javadoc.jar</Path>
			<Tag>1921F7444F130F074E1AFDB025FDBE8285C63BFD60A1EE41585D947433E732C1</Tag>
		</entry>
		<entry name="._javadoc_JCP-javadoc.jar">
			<Algid>00008021</Algid>
			<Path>./javadoc/JCP-javadoc.jar</Path>
			<Tag>748D452E6B25BD4F5DEDC650B91ADE6F71438CC97E4FD94458003959AB91B0DB</Tag>
		</entry>
		<entry name="._javadoc_JCryptoP-javadoc.jar">
			<Algid>00008021</Algid>
			<Path>./javadoc/JCryptoP-javadoc.jar</Path>
			<Tag>21DF6B9D2446BC87C5E4FA12A2027A1B51DB853E4E4DDA2F142D93EA6E0304AB</Tag>
		</entry>
		<entry name="._javadoc_JCPinst-javadoc.jar">
			<Algid>00008021</Algid>
			<Path>./javadoc/JCPinst-javadoc.jar</Path>
			<Tag>21A5D85A64D0E911EF1201FFE67BA61A90B638DF032DAD07D4CFE38C894049F9</Tag>
		</entry>
		<entry name="._javadoc_JCPxml-javadoc.jar">
			<Algid>00008021</Algid>
			<Path>./javadoc/JCPxml-javadoc.jar</Path>
			<Tag>8AD8D7E32E530CD41A0FB50487CE0FF86330412E8DE21C60B491A602E6A71B9A</Tag>
		</entry>
		<entry name="._javadoc_JCPRequest-javadoc.jar">
			<Algid>00008021</Algid>
			<Path>./javadoc/JCPRequest-javadoc.jar</Path>
			<Tag>6DB94456BB34C8EC46F14A52CF4F90305E9B0AD4BB9A0A65B7B1BAE1154B3153</Tag>
		</entry>
		<entry name="._cpverify.exe">
			<Algid>00008021</Algid>
			<Path>./cpverify.exe</Path>
			<Tag>30AA2260226F3DD3AD6926DDAA3D1C153FE90E0EBDE9FC1078D6DA8DBD9F88BC</Tag>
		</entry>
		<entry name="._J6Oscar.jar">
			<Algid>00008021</Algid>
			<Path>./J6Oscar.jar</Path>
			<Tag>E649CC4657F81E5DAE02F8BC520842D3D43CAD04ABB70CB41BA0A49FD363CFDF</Tag>
		</entry>
		<entry name="._setup_console.bat">
			<Algid>00008021</Algid>
			<Path>./setup_console.bat</Path>
			<Tag>3EF50D2F4ED9A1315342708D71AAAB6539FA0C42A71A0042D936356C39939543</Tag>
		</entry>
		<entry name="._JCPRevTools.jar">
			<Algid>00008021</Algid>
			<Path>./JCPRevTools.jar</Path>
			<Tag>7AFA2242E6EF544F8558DA93507DCEBB0FC21BB4ACF39B4156F30D5704616AC8</Tag>
		</entry>
		<entry name="._JCPRevCheck.jar">
			<Algid>00008021</Algid>
			<Path>./JCPRevCheck.jar</Path>
			<Tag>A9320601D209EE16619CB3C2BB43406E77B0298A5DEE750362F47DE9B722F2A0</Tag>
		</entry>
		<entry name="._ControlPane.bat">
			<Algid>00008021</Algid>
			<Path>./ControlPane.bat</Path>
			<Tag>FFF0160017AA67D7D7797244DEBEE1D5512BBF1F2EE9294D6A0DB4C7E0BC0DCA</Tag>
		</entry>
		<entry name="._sspiSSL.jar">
			<Algid>00008021</Algid>
			<Path>./sspiSSL.jar</Path>
			<Tag>4BDD4F9F634266F237CD36027014C94F98AE9BD1ED4D318024C88F90CFE58912</Tag>
		</entry>
		<entry name="._setup_gui.sh">
			<Algid>00008021</Algid>
			<Path>./setup_gui.sh</Path>
			<Tag>B331B098C754BC7E44BA17BB7CEA721D226180CCD3FD42B96C322D17ED3CE5C1</Tag>
		</entry>
		<entry name="._samples-sources.jar">
			<Algid>00008021</Algid>
			<Path>./samples-sources.jar</Path>
			<Tag>53C0207FC02A449F87660BA954F9386F65578C97A0169F6523EA5F45A2B2A8D6</Tag>
		</entry>
		<entry name="._roots_86ebc03e3b3b14ee4ca70ca5ccd7db30eb80e258.cer">
			<Algid>00008021</Algid>
			<Path>./roots/86ebc03e3b3b14ee4ca70ca5ccd7db30eb80e258.cer</Path>
			<Tag>817AFA36CAB94999FB7D3044323143A08E67284AA49311EAC03A7D0CFF927850</Tag>
		</entry>
		<entry name="._roots_0cffefea2849f8755317cb93177ad0240c7e5ad4.cer">
			<Algid>00008021</Algid>
			<Path>./roots/0cffefea2849f8755317cb93177ad0240c7e5ad4.cer</Path>
			<Tag>8707CB1D16AB7C5F5A266AB7E1C91B6E28E4BEEFF4831DB74E57F4EC409E6853</Tag>
		</entry>
		<entry name="._roots_65183997dc8c3a546a83e061f37e110d3749fe51.cer">
			<Algid>00008021</Algid>
			<Path>./roots/65183997dc8c3a546a83e061f37e110d3749fe51.cer</Path>
			<Tag>64D281774975841DF912DC218F0AD76222D25CF8075DD9F2427B5AD2A6D3A593</Tag>
		</entry>
		<entry name="._roots_ecdsa_311ed300bcae02ad4d67ebcf13d6801b.cer">
			<Algid>00008021</Algid>
			<Path>./roots/ecdsa_311ed300bcae02ad4d67ebcf13d6801b.cer</Path>
			<Tag>AF3AC486A225489DDA0A15E55DD5E2F5442367B3DA1CBF0118F24AE8E69544F4</Tag>
		</entry>
		<entry name="._roots_410e3baf6f7234f5d247349e1f8e64eede2bb280.cer">
			<Algid>00008021</Algid>
			<Path>./roots/410e3baf6f7234f5d247349e1f8e64eede2bb280.cer</Path>
			<Tag>493D13E1D340E33571969E90DAA22B2CCA7D42715C8F91BDE362B0E457C9BB63</Tag>
		</entry>
		<entry name="._roots_535426c39a9121f49df524ece141d6d715bdfac0.cer">
			<Algid>00008021</Algid>
			<Path>./roots/535426c39a9121f49df524ece141d6d715bdfac0.cer</Path>
			<Tag>894E2BC4D212CC783095C438AA59E5FBB45BE623F81FAB11C8A51A5B96B906BB</Tag>
		</entry>
		<entry name="._roots_ae71dcfac7a211a78f415f5ecbf72986fb673563.cer">
			<Algid>00008021</Algid>
			<Path>./roots/ae71dcfac7a211a78f415f5ecbf72986fb673563.cer</Path>
			<Tag>B648A7D3BE2BFBF94B2C075AC2BE4F15BE322BE9883D6210E0A6F04947171EB1</Tag>
		</entry>
		<entry name="._roots_31bec58434686b1d5e6aab2e0b5fffb29f2d62a2.cer">
			<Algid>00008021</Algid>
			<Path>./roots/31bec58434686b1d5e6aab2e0b5fffb29f2d62a2.cer</Path>
			<Tag>C807BAAA59A384304A126ECAF2DA2F2C53E27A8A307C8E4DE76EEF320DF0B412</Tag>
		</entry>
		<entry name="._roots_e5f6a73352fcd087a4c574717297b23d51dddf95.cer">
			<Algid>00008021</Algid>
			<Path>./roots/e5f6a73352fcd087a4c574717297b23d51dddf95.cer</Path>
			<Tag>E16934A1AE437D7C359B8F8D123C76513716A8F7FE445210957E701DD751260C</Tag>
		</entry>
		<entry name="._roots_aff05c9e2464941e7ec2ab15c91539360b79aa9d.cer">
			<Algid>00008021</Algid>
			<Path>./roots/aff05c9e2464941e7ec2ab15c91539360b79aa9d.cer</Path>
			<Tag>85587CB98FDAA00C098EC560430AC9D9CCACEB4CF6CA5B8BBE0E3916FFC38DE3</Tag>
		</entry>
		<entry name="._roots_4d616b0c73534351260ce7f48f3c7bdd71214945.cer">
			<Algid>00008021</Algid>
			<Path>./roots/4d616b0c73534351260ce7f48f3c7bdd71214945.cer</Path>
			<Tag>C6F10226C42ED8642B29E96FC45A4F122B73CD22ECE8183BC5A79D2BDF6098DD</Tag>
		</entry>
		<entry name="._roots_9de7e723cc15e2ddd7886c965cd0257cc1963f0b.cer">
			<Algid>00008021</Algid>
			<Path>./roots/9de7e723cc15e2ddd7886c965cd0257cc1963f0b.cer</Path>
			<Tag>502C85973017C85B098ACFFB9FCEB8DCF056D5E814ADDC2E804A455C96FA3907</Tag>
		</entry>
		<entry name="._roots_rsa_45f9970056ae108540ae0e73612b8991.cer">
			<Algid>00008021</Algid>
			<Path>./roots/rsa_45f9970056ae108540ae0e73612b8991.cer</Path>
			<Tag>06F0BDBC52C533B4E995E9C5C4B8D34F11C54E58863CA46AC4EB19412E1DFAF0</Tag>
		</entry>
		<entry name="._roots_sun_sun_f4b9c64a52ad223ce4bfba5252879c9f711d4b33.cer">
			<Algid>00008021</Algid>
			<Path>./roots/sun/sun_f4b9c64a52ad223ce4bfba5252879c9f711d4b33.cer</Path>
			<Tag>878B56DE3CC2861319320F014386742ACE7A9B3086A13DFF192EB44C8CE03C22</Tag>
		</entry>
		<entry name="._roots_052a7fa1b7aea1ba4888ecbff7123be0abf23e11.cer">
			<Algid>00008021</Algid>
			<Path>./roots/052a7fa1b7aea1ba4888ecbff7123be0abf23e11.cer</Path>
			<Tag>AF03988688D5A9AD7FAE4EB8A27228ACA269CF0622F7C8E43FAD57099C26A9FB</Tag>
		</entry>
		<entry name="._roots_8cae88bbfd404a7a53630864f9033606e1dc45e2.cer">
			<Algid>00008021</Algid>
			<Path>./roots/8cae88bbfd404a7a53630864f9033606e1dc45e2.cer</Path>
			<Tag>B0670ACBF8C3430A42F4CA116C5303727ECAA3E5DF8EC45F21438D523E54D107</Tag>
		</entry>
		<entry name="._roots_b4f345af1be59264d4382f06d6e6e3c16047a2ca.cer">
			<Algid>00008021</Algid>
			<Path>./roots/b4f345af1be59264d4382f06d6e6e3c16047a2ca.cer</Path>
			<Tag>A5890F0E483A574C23E9380AF38D0989999C86942175C161908BC59ACBAC5AA9</Tag>
		</entry>
		<entry name="._roots_c6fc463ab400707b7a00cc560529838565fe9f07.cer">
			<Algid>00008021</Algid>
			<Path>./roots/c6fc463ab400707b7a00cc560529838565fe9f07.cer</Path>
			<Tag>DDF56255788384FA5B9141C8FD0ECE8F2398CA504D3EE19E55CD8E5CB60D99DE</Tag>
		</entry>
		<entry name="._roots_c8e00fe58abd9bea94d0b8048f53e3e57448a430.cer">
			<Algid>00008021</Algid>
			<Path>./roots/c8e00fe58abd9bea94d0b8048f53e3e57448a430.cer</Path>
			<Tag>0E8759FBC0C4B2FE5EAB42D3E8B9CD3E41DCD1100929C654EBF089DDB10ED77B</Tag>
		</entry>
		<entry name="._roots_fe0e51ee00f5668267dd7b6760e3b1bb1c9cafd6.cer">
			<Algid>00008021</Algid>
			<Path>./roots/fe0e51ee00f5668267dd7b6760e3b1bb1c9cafd6.cer</Path>
			<Tag>A8075EE37A6BA45277B5F04093B59EF2339C33112A5E1C7E0C83F3535A515BF6</Tag>
		</entry>
		<entry name="._roots_install_roots.bat">
			<Algid>00008021</Algid>
			<Path>./roots/install_roots.bat</Path>
			<Tag>6E8FCEE26596AF367312792D6C756C468E516340547CD601E730875AFE8EF53B</Tag>
		</entry>
		<entry name="._roots_34e21fc04d3576b0ada81fd081955e2778291cc5.cer">
			<Algid>00008021</Algid>
			<Path>./roots/34e21fc04d3576b0ada81fd081955e2778291cc5.cer</Path>
			<Tag>9BFF10A3AA8A02C7CEBC75E428ACD95DA469C71F98B0ACA43B55BC2ED559C27D</Tag>
		</entry>
		<entry name="._roots_3b41b9931b7d8bb4fa54850686aabfef0aff7b6f.cer">
			<Algid>00008021</Algid>
			<Path>./roots/3b41b9931b7d8bb4fa54850686aabfef0aff7b6f.cer</Path>
			<Tag>4AB670FA722B1412377FCC7A5731797FD94BA779C8D388CCC5E0C163982DF01A</Tag>
		</entry>
		<entry name="._roots_8cc8806af60dd8e44938b2f8fa30ac9b79017801.cer">
			<Algid>00008021</Algid>
			<Path>./roots/8cc8806af60dd8e44938b2f8fa30ac9b79017801.cer</Path>
			<Tag>EC8FA242058E541B1177C91C75C7650AC37AA38CF7E9F48DCD250D2E619F1FC9</Tag>
		</entry>
		<entry name="._roots_8ea23236ae168bc7bc962d431501919e8b0a07d2.cer">
			<Algid>00008021</Algid>
			<Path>./roots/8ea23236ae168bc7bc962d431501919e8b0a07d2.cer</Path>
			<Tag>562165AB9F7A8A7EA188BA1467D3E85C1C655BD3BC321497BCE92DC17583102C</Tag>
		</entry>
		<entry name="._roots_4bc6dc14d97010c41a26e058ad851f81c842415a.cer">
			<Algid>00008021</Algid>
			<Path>./roots/4bc6dc14d97010c41a26e058ad851f81c842415a.cer</Path>
			<Tag>175DF5C3074525510D9BBC800552E74D5D1B7A6960ECC5C711B70CC1A72CC00D</Tag>
		</entry>
		<entry name="._roots_58715466a51e61c265fe0e7cdf742e315430b862.cer">
			<Algid>00008021</Algid>
			<Path>./roots/58715466a51e61c265fe0e7cdf742e315430b862.cer</Path>
			<Tag>EE3CEF57BAAC4EFF8456D2BB5E4216F060C85EF12DBC8E4E46AA99DE5F17CD64</Tag>
		</entry>
		<entry name="._roots_ec338e87c8a34be5ec53df164ddee40934176fb3.cer">
			<Algid>00008021</Algid>
			<Path>./roots/ec338e87c8a34be5ec53df164ddee40934176fb3.cer</Path>
			<Tag>41359E6961CE87F57FD6FD911CAEACDD6D1D3FFFEA2E392D100757F8B78459B7</Tag>
		</entry>
		<entry name="._roots_2F0CB09BE3550EF17EC4F29C90ABD18BFCAAD63A.cer">
			<Algid>00008021</Algid>
			<Path>./roots/2F0CB09BE3550EF17EC4F29C90ABD18BFCAAD63A.cer</Path>
			<Tag>BD23070FF886C3534482D7F8FDE5B5B6325FE7B92F31A08DC00F2AFF9D413713</Tag>
		</entry>
		<entry name="._roots_install_roots.sh">
			<Algid>00008021</Algid>
			<Path>./roots/install_roots.sh</Path>
			<Tag>933EDA7C1EE6E7A26BD046B279884AF8E9334299E4279E8612F2F0E209165E4A</Tag>
		</entry>
		<entry name="._roots_5269538f37d31c44f2ec22941941c864297a3e1a.cer">
			<Algid>00008021</Algid>
			<Path>./roots/5269538f37d31c44f2ec22941941c864297a3e1a.cer</Path>
			<Tag>98EA519E1B424FDD104A1865F8A08BA14E5492ACFC00FD06CDED09119410ACE1</Tag>
		</entry>
		<entry name="._roots_0884889d00f1ff2c773bc5dfb42f41ddddeed492.cer">
			<Algid>00008021</Algid>
			<Path>./roots/0884889d00f1ff2c773bc5dfb42f41ddddeed492.cer</Path>
			<Tag>A14FC937422F63269A346AF91784A5FF97DBF4B96599463FAE9E0FD66FFDCB74</Tag>
		</entry>
		<entry name="._Doc_docker_jcsp_Dockerfile">
			<Algid>00008021</Algid>
			<Path>./Doc/docker/jcsp/Dockerfile</Path>
			<Tag>3871AAA0BB9C5BF739036AA77EC00377E2384CB0F3820711EA2B761656580BF9</Tag>
		</entry>
		<entry name="._Doc_docker_jcp_Dockerfile-RHEL">
			<Algid>00008021</Algid>
			<Path>./Doc/docker/jcp/Dockerfile-RHEL</Path>
			<Tag>1A4EE6A2A02813F89DE9E563C3BF0B7182AB82E6904CB0BC8F6D16C0FF0A9A89</Tag>
		</entry>
		<entry name="._Doc_docker_jcp_Dockerfile">
			<Algid>00008021</Algid>
			<Path>./Doc/docker/jcp/Dockerfile</Path>
			<Tag>F01789E1FAEEA583B9493C252E7C85620FC3E28FF04B6245B56E1E49FDAC1C82</Tag>
		</entry>
		<entry name="._Doc_Java_CSP_KC1_ЖТЯИ.00101-03 92 05. Инструкция по использованию. JavaTLS.pdf">
			<Algid>00008021</Algid>
			<Path>./Doc/Java_CSP_KC1/ЖТЯИ.00101-03 92 05. Инструкция по использованию. JavaTLS.pdf</Path>
			<Tag>2C3B6D584DB33C3D8F15040E8ED6755F17B193B83A8CF75DDBC49DF5BF484238</Tag>
		</entry>
		<entry name="._Doc_Java_CSP_KC1_ЖТЯИ.00101-03 96 02. Руководство программиста. JavaCSP.pdf">
			<Algid>00008021</Algid>
			<Path>./Doc/Java_CSP_KC1/ЖТЯИ.00101-03 96 02. Руководство программиста. JavaCSP.pdf</Path>
			<Tag>AFFEBD49E5DAF56DE89C1A7A697D6719A87C522E9E63E7F451AF66B05B130AD2</Tag>
		</entry>
		<entry name="._Doc_Java_CSP_KC1_ЖТЯИ.00101-03 92 04. Инструкция по использованию. JavaCSP.pdf">
			<Algid>00008021</Algid>
			<Path>./Doc/Java_CSP_KC1/ЖТЯИ.00101-03 92 04. Инструкция по использованию. JavaCSP.pdf</Path>
			<Tag>4FCF941168F6B6F278BA36BC13C3422BBE110A86B7698C3B2F07CE89617D4D9D</Tag>
		</entry>
		<entry name="._Doc_Java_CSP_KC1_ЖТЯИ.00101-03 96 03. Руководство программиста. JavaTLS.pdf">
			<Algid>00008021</Algid>
			<Path>./Doc/Java_CSP_KC1/ЖТЯИ.00101-03 96 03. Руководство программиста. JavaTLS.pdf</Path>
			<Tag>EB66E9CCDCFC2C051ED877A8F9F4CCFEA5F6ACC518F58194C3879CF48ACD1DDC</Tag>
		</entry>
		<entry name="._Doc_Java_CSP_KC1_ЖТЯИ.00101-03 91 12. Руководство администратора безопасности. JavaCSP и JavaTLS.pdf">
			<Algid>00008021</Algid>
			<Path>./Doc/Java_CSP_KC1/ЖТЯИ.00101-03 91 12. Руководство администратора безопасности. JavaCSP и JavaTLS.pdf</Path>
			<Tag>9E8ED5BE9D2643F76BF34DA22B02E79D6062627AA1326711E69911C1BC061D1C</Tag>
		</entry>
		<entry name="._Doc_Java_CSP_KC1_ЖТЯИ.00101-03 30 01. Формуляр.pdf">
			<Algid>00008021</Algid>
			<Path>./Doc/Java_CSP_KC1/ЖТЯИ.00101-03 30 01. Формуляр.pdf</Path>
			<Tag>0F44C19C2A8017641149B21F855BF61CC3E6F0A9526293FA9F71508D5BEA87A4</Tag>
		</entry>
		<entry name="._Doc_Java_CSP_KC2_ЖТЯИ.00102-03 92 05. Инструкция по использованию. JavaTLS.pdf">
			<Algid>00008021</Algid>
			<Path>./Doc/Java_CSP_KC2/ЖТЯИ.00102-03 92 05. Инструкция по использованию. JavaTLS.pdf</Path>
			<Tag>F12A249779770EA88C4A1B02B7650D2862E0349B04A35E44ECC813ACE019E6ED</Tag>
		</entry>
		<entry name="._Doc_Java_CSP_KC2_ЖТЯИ.00102-03 30 01. Формуляр.pdf">
			<Algid>00008021</Algid>
			<Path>./Doc/Java_CSP_KC2/ЖТЯИ.00102-03 30 01. Формуляр.pdf</Path>
			<Tag>2D72369F0FE06FF54D0E018FAC5C267AE4914729FE79454B6B0E3FF634E98501</Tag>
		</entry>
		<entry name="._Doc_Java_CSP_KC2_ЖТЯИ.00102-03 92 04. Инструкция по использованию. JavaCSP.pdf">
			<Algid>00008021</Algid>
			<Path>./Doc/Java_CSP_KC2/ЖТЯИ.00102-03 92 04. Инструкция по использованию. JavaCSP.pdf</Path>
			<Tag>718E29B48B28DC1E09426DE547A90671013854124B35C2E9FA18B6FC6307DA7B</Tag>
		</entry>
		<entry name="._Doc_Java_CSP_KC2_ЖТЯИ.00102-03 96 03. Руководство программиста. JavaTLS.pdf">
			<Algid>00008021</Algid>
			<Path>./Doc/Java_CSP_KC2/ЖТЯИ.00102-03 96 03. Руководство программиста. JavaTLS.pdf</Path>
			<Tag>665C69AE321642041378D24B3B6ECA04606F3C5C49B71170CEC1D0241C539FEE</Tag>
		</entry>
		<entry name="._Doc_Java_CSP_KC2_ЖТЯИ.00102-03 96 02. Руководство программиста. JavaCSP.pdf">
			<Algid>00008021</Algid>
			<Path>./Doc/Java_CSP_KC2/ЖТЯИ.00102-03 96 02. Руководство программиста. JavaCSP.pdf</Path>
			<Tag>0BC656C74DB7FC38D9C7B349198BDBD7B7E4CADCAEDDF66BCA195E682CF43CD6</Tag>
		</entry>
		<entry name="._Doc_Java_CSP_KC2_ЖТЯИ.00102-03 91 12. Руководство администратора безопасности. JavaCSP и JavaTLS.pdf">
			<Algid>00008021</Algid>
			<Path>./Doc/Java_CSP_KC2/ЖТЯИ.00102-03 91 12. Руководство администратора безопасности. JavaCSP и JavaTLS.pdf</Path>
			<Tag>AB4334E4DEFF0DA572673909BC641AD6B293385D3FB7A0BA6D6E13C40CF03A73</Tag>
		</entry>
		<entry name="._Doc_keytool_linux_ktl8-java-csp-hd-28147.sh">
			<Algid>00008021</Algid>
			<Path>./Doc/keytool/linux/ktl8-java-csp-hd-28147.sh</Path>
			<Tag>DCACE0B9713D34D9B9CFAA99CBE218ECEEF85360E2605AE2DB6EC2ED544A1873</Tag>
		</entry>
		<entry name="._Doc_keytool_linux_ktl8-jcp-hd.sh">
			<Algid>00008021</Algid>
			<Path>./Doc/keytool/linux/ktl8-jcp-hd.sh</Path>
			<Tag>DB45F3C622649F9FE252DB54F8A27A00E395D901D34C6E1C54236EBCBF475012</Tag>
		</entry>
		<entry name="._Doc_keytool_trust_for_jar_signer">
			<Algid>00008021</Algid>
			<Path>./Doc/keytool/trust_for_jar_signer</Path>
			<Tag>62F9DA29CC9B43860483D26A9EB746D818BD05012EDA59B6ADEE4DD0B3C8CB9F</Tag>
		</entry>
		<entry name="._Doc_keytool_mac_ktl8-java-csp-hd-28147.sh">
			<Algid>00008021</Algid>
			<Path>./Doc/keytool/mac/ktl8-java-csp-hd-28147.sh</Path>
			<Tag>7DF36867F2C5447686BB0CFB246DB78A20E48D83006006FE85406BD0B1A56E8B</Tag>
		</entry>
		<entry name="._Doc_keytool_mac_ktl11-java-csp-hd-28147.sh">
			<Algid>00008021</Algid>
			<Path>./Doc/keytool/mac/ktl11-java-csp-hd-28147.sh</Path>
			<Tag>F0658399B1CAF0CC8638C41B6685B14FAE37D480BFF5B0747D9C6126E1214D24</Tag>
		</entry>
		<entry name="._Doc_keytool_windows_SendRequestToMSCA.class">
			<Algid>00008021</Algid>
			<Path>./Doc/keytool/windows/SendRequestToMSCA.class</Path>
			<Tag>8823526CEBB0415BA6EA63F119D25DAD1438B5DA8280ED8E301227AD7EDD6F7D</Tag>
		</entry>
		<entry name="._Doc_keytool_windows_ktl8-java-csp-hd-aes128.bat">
			<Algid>00008021</Algid>
			<Path>./Doc/keytool/windows/ktl8-java-csp-hd-aes128.bat</Path>
			<Tag>9252E11CA15D900CBDC53BDC26306F86B5FDAE64F9075B1ACBAB7013D6F87BFD</Tag>
		</entry>
		<entry name="._Doc_keytool_windows_ktl8-java-csp-hsm-gen.bat">
			<Algid>00008021</Algid>
			<Path>./Doc/keytool/windows/ktl8-java-csp-hsm-gen.bat</Path>
			<Tag>7941936354D01E95F34B1DA8A5F5AE60D63F86E07D6A403FCEF2E1DBDCDEFF68</Tag>
		</entry>
		<entry name="._Doc_keytool_windows_ktl8-java-csp-hsm-rsa-2.bat">
			<Algid>00008021</Algid>
			<Path>./Doc/keytool/windows/ktl8-java-csp-hsm-rsa-2.bat</Path>
			<Tag>B4807BC4D7BEF4E773A97A0F709B3636B0EFC77ADC1DFD912900148A6C1E4781</Tag>
		</entry>
		<entry name="._Doc_keytool_windows_ktl8-java-csp-hd-28147.bat">
			<Algid>00008021</Algid>
			<Path>./Doc/keytool/windows/ktl8-java-csp-hd-28147.bat</Path>
			<Tag>34BC493DCC27DB7AA8B8ACFAD168CE659CE9D9EBC49D32556E86747EECE93CAA</Tag>
		</entry>
		<entry name="._Doc_keytool_windows_jsg8-java-csp-hsm-rsa.bat">
			<Algid>00008021</Algid>
			<Path>./Doc/keytool/windows/jsg8-java-csp-hsm-rsa.bat</Path>
			<Tag>9E4A1AD06018117DA425855E0C85A7A002DBB970295683A3FD7B7C62F94116D9</Tag>
		</entry>
		<entry name="._Doc_keytool_windows_ktl8-java-csp-hsm-rsa.bat">
			<Algid>00008021</Algid>
			<Path>./Doc/keytool/windows/ktl8-java-csp-hsm-rsa.bat</Path>
			<Tag>6933F2501C48366EBB6CA0497D787AFC663B6BB0D3BDFCA7469F33A02D7BAFE0</Tag>
		</entry>
		<entry name="._Doc_keytool_windows_ktl8-java-csp-hd-3des.bat">
			<Algid>00008021</Algid>
			<Path>./Doc/keytool/windows/ktl8-java-csp-hd-3des.bat</Path>
			<Tag>DC778BCAA641252B4524317AE8B71162410E1DF92229EB52A2236D39FC63C177</Tag>
		</entry>
		<entry name="._Doc_keytool_windows_ktl8-java-csp-hd-req.bat">
			<Algid>00008021</Algid>
			<Path>./Doc/keytool/windows/ktl8-java-csp-hd-req.bat</Path>
			<Tag>F531785C5C85DECF60F4E41AB0410E91FE2635964058F4B278B914C29130008B</Tag>
		</entry>
		<entry name="._Doc_keytool_windows_ktl8-java-csp-rg-rsa.bat">
			<Algid>00008021</Algid>
			<Path>./Doc/keytool/windows/ktl8-java-csp-rg-rsa.bat</Path>
			<Tag>C3434D8CF53E35E784BE588E8CB6ED3EB8910ED3F1EA741B26D91E8BC76535C1</Tag>
		</entry>
		<entry name="._Doc_keytool_windows_ktl8-java-csp-copy-hd-hsm.bat">
			<Algid>00008021</Algid>
			<Path>./Doc/keytool/windows/ktl8-java-csp-copy-hd-hsm.bat</Path>
			<Tag>2EBDFB86419F250BF9EA40176AB8FD102B8147EC43D40E31AE8A6BDBB1A247B5</Tag>
		</entry>
		<entry name="._Doc_keytool_windows_ktl8-jcp-hd.bat">
			<Algid>00008021</Algid>
			<Path>./Doc/keytool/windows/ktl8-jcp-hd.bat</Path>
			<Tag>D4519617AEEF2877063F1D9EA6E7EB6BA835A3AAEC8817EBCB7573B14B69089C</Tag>
		</entry>
		<entry name="._Doc_keytool_windows_ktl8-java-csp-hd.bat">
			<Algid>00008021</Algid>
			<Path>./Doc/keytool/windows/ktl8-java-csp-hd.bat</Path>
			<Tag>727F2D7908861C1214A2423F228570342EA2BA4A871781505DFC88E1F96F3D75</Tag>
		</entry>
		<entry name="._Doc_keytool_windows_jsg8-java-csp-hd-rsa.bat">
			<Algid>00008021</Algid>
			<Path>./Doc/keytool/windows/jsg8-java-csp-hd-rsa.bat</Path>
			<Tag>5BC20B1D5CDABEE44A9AD0B5826C0FBCE2C1476EFE732FFB7EDF2F739117FE72</Tag>
		</entry>
		<entry name="._Doc_keytool_windows_ktl8-java-csp-jks-rsa.bat">
			<Algid>00008021</Algid>
			<Path>./Doc/keytool/windows/ktl8-java-csp-jks-rsa.bat</Path>
			<Tag>F2DC744A64982B51F53EB61ED83F257B951BB08C40E6346C6E84CE7FA1EEC5DD</Tag>
		</entry>
		<entry name="._Doc_keytool_windows_ktl8-java-csp-hd-all.bat">
			<Algid>00008021</Algid>
			<Path>./Doc/keytool/windows/ktl8-java-csp-hd-all.bat</Path>
			<Tag>1A3AA51D1AD767F2915876DE1D561917CBC3355E655C69ED5BF055ECBA21D3F7</Tag>
		</entry>
		<entry name="._Doc_keytool_test_ca.cer">
			<Algid>00008021</Algid>
			<Path>./Doc/keytool/test_ca.cer</Path>
			<Tag>A11BF94ECF94EB103817C80C803177748B9ACE8C4A1007FB8269B288AD9D4621</Tag>
		</entry>
		<entry name="._Doc_itextpdf_5.5.5_itextpdf_patched-5.5.5.jar">
			<Algid>00008021</Algid>
			<Path>./Doc/itextpdf/5.5.5/itextpdf_patched-5.5.5.jar</Path>
			<Tag>2C76A0CD6072B1182294483CE6F0B62A4464B750CD9C43DE788BDAA1F217CC31</Tag>
		</entry>
		<entry name="._Doc_itextpdf_5.1.3_itextpdf_patched-5.1.3.jar">
			<Algid>00008021</Algid>
			<Path>./Doc/itextpdf/5.1.3/itextpdf_patched-5.1.3.jar</Path>
			<Tag>7FFB2A726EDAE2B5E4BC2DA973EC612BFB81280B4366B30119243E6691FC7FCF</Tag>
		</entry>
		<entry name="._Doc_itextpdf_5.5.5-2_itextpdf_patched-5.5.5-2.jar">
			<Algid>00008021</Algid>
			<Path>./Doc/itextpdf/5.5.5-2/itextpdf_patched-5.5.5-2.jar</Path>
			<Tag>0076F310C07C398AB9AC66E1DFD03DC03999CD92BD8D3875013131D059422171</Tag>
		</entry>
		<entry name="._Doc_LicenseLoader.pdf">
			<Algid>00008021</Algid>
			<Path>./Doc/LicenseLoader.pdf</Path>
			<Tag>AA24938DE0DF971F73E4A2D745F6FE2900ECFDD92D58A890E3F73FB2D57EADA6</Tag>
		</entry>
		<entry name="._JCP.jar">
			<Algid>00008021</Algid>
			<Path>./JCP.jar</Path>
			<Tag>27E7E5EACC52A17AA7AAD67026F0D234E685E8D9A3D32CBD9C1D2488B336F0AB</Tag>
		</entry>
		<entry name="._setup_console.sh">
			<Algid>00008021</Algid>
			<Path>./setup_console.sh</Path>
			<Tag>260BED8393227C6547F6A5E1C66CE52A9553605240646065D1041139402ADE0C</Tag>
		</entry>
		<entry name="._JCSP.jar">
			<Algid>00008021</Algid>
			<Path>./JCSP.jar</Path>
			<Tag>39D0FB3782645F98C20B22B7F0CBC7206A6597CF8786A07528F1510A4AB8074E</Tag>
		</entry>
		<entry name="._JCPinst.jar">
			<Algid>00008021</Algid>
			<Path>./JCPinst.jar</Path>
			<Tag>98E7E23DD4686186C1777F626835EB4ADFEF51AFE1408012FB3A35834FFD2FA6</Tag>
		</entry>
		<entry name="._forms_rt.jar">
			<Algid>00008021</Algid>
			<Path>./forms_rt.jar</Path>
			<Tag>29A3E55C004030D56477636B02AFFFA358C6D0D7D7008BEA796D18F1E92EF507</Tag>
		</entry>
		<entry name="._J6CF.jar">
			<Algid>00008021</Algid>
			<Path>./J6CF.jar</Path>
			<Tag>2B8CD393CD98374298839573F5770294CA043F6325EF2820BCCE429864CF75B5</Tag>
		</entry>
		<entry name="._asn1rt.jar">
			<Algid>00008021</Algid>
			<Path>./asn1rt.jar</Path>
			<Tag>B3C685557AC617B3C9FD3A06FDC995C9AD7927C5CAB1BB979CEF2B4D68CBD96D</Tag>
		</entry>
		<entry name="._JCPinstGUI.jar">
			<Algid>00008021</Algid>
			<Path>./JCPinstGUI.jar</Path>
			<Tag>3F12B072767FF89043B70AA78C770BD315CFB5FE92A021ECF022E8903971DC84</Tag>
		</entry>
		<entry name="._Rutoken.jar">
			<Algid>00008021</Algid>
			<Path>./Rutoken.jar</Path>
			<Tag>54A1DC9CBBC9CE8E5E6CDF16902FD9A79B7FB6141B8345165506FFFEFEAF7092</Tag>
		</entry>
		<entry name="._ControlPane.sh">
			<Algid>00008021</Algid>
			<Path>./ControlPane.sh</Path>
			<Tag>5C9D20C3E8CCA007920C9C69E7762689F3656A0A68B1E379012DB8F5138FE053</Tag>
		</entry>
		<entry name="._cpSSL.jar">
			<Algid>00008021</Algid>
			<Path>./cpSSL.jar</Path>
			<Tag>FBC9588AD45E03D4CB9F0F17C2A584ACA898153A192717EFD547382B689D668E</Tag>
		</entry>
		<entry name="._JCPRequest.jar">
			<Algid>00008021</Algid>
			<Path>./JCPRequest.jar</Path>
			<Tag>8903C150628922040A17CC8EAA263584DA7B1C6D65BA01C36AFB2AE6B160D6B5</Tag>
		</entry>
		<entry name="._ASN1P.jar">
			<Algid>00008021</Algid>
			<Path>./ASN1P.jar</Path>
			<Tag>4AA6AFFAC672DB9E2366ACBBFD1C899251CB1CF5DD14E6CABC25370795D32763</Tag>
		</entry>
		<entry name="._JCPxml.jar">
			<Algid>00008021</Algid>
			<Path>./JCPxml.jar</Path>
			<Tag>580603DF99F4611A307017F702B9643BAA0CDD0DE4AD53C7E68110378EF9CAB7</Tag>
		</entry>
		<entry name="._JCPControlPane.jar">
			<Algid>00008021</Algid>
			<Path>./JCPControlPane.jar</Path>
			<Tag>DAEE97DFC72F0B00F63807A84E35D2EBCAB0B037930F17780F8A8A242EF576EE</Tag>
		</entry>
		<entry name="._CAdES.jar">
			<Algid>00008021</Algid>
			<Path>./CAdES.jar</Path>
			<Tag>6B9F716CC8A1DEB93AC1D34A7D19AD0FBBD58BC85B8FE478BBD367B1327D96F0</Tag>
		</entry>
		<entry name="._cmsutil.jar">
			<Algid>00008021</Algid>
			<Path>./cmsutil.jar</Path>
			<Tag>3053BF789CC141C91D3BE0074B35D1611D0DD407C6C3EE57FEBF7F3630CCFF78</Tag>
		</entry>
		<entry name="._tls_proxy.jar">
			<Algid>00008021</Algid>
			<Path>./tls_proxy.jar</Path>
			<Tag>BEC79342E913DCAF0C266AD06C9EA239A745090A73014956D5E72B88902E57A1</Tag>
		</entry>
		<entry name="._XMLDSigRI.jar">
			<Algid>00008021</Algid>
			<Path>./XMLDSigRI.jar</Path>
			<Tag>DAA84539A8EE98E8A312A7A82495C06B11664DF58E9D54925A83DF3E7481B0DC</Tag>
		</entry>
		<entry name="._setup.exe">
			<Algid>00008021</Algid>
			<Path>./setup.exe</Path>
			<Tag>E02127A3A0DE1E92A12C296611961DCD32CF85BA259272323EBAC21934A4FF9A</Tag>
		</entry>
		<entry name="._JCryptoP.jar">
			<Algid>00008021</Algid>
			<Path>./JCryptoP.jar</Path>
			<Tag>D7A84B0B4BD283656315B3FA184F154A8EFDB3CF9A270FD0632C0157E154F354</Tag>
		</entry>
		<entry name="._XAdES.jar">
			<Algid>00008021</Algid>
			<Path>./XAdES.jar</Path>
			<Tag>BCFA9D7461A9ADF5A5546425ED37D089AB9B5ED20911F1E52CAF8897B4F73545</Tag>
		</entry>
		<entry name="._AdES-core.jar">
			<Algid>00008021</Algid>
			<Path>./AdES-core.jar</Path>
			<Tag>7678CB859FAE80BB046AB259411B98B0728F6178267EF9E29BE2DA243A7460A2</Tag>
		</entry>
	</catalog>
</CProIntegrity>